doc_id,page,row,owner,asset_name,ticker,tx_type,tx_date,notification_date,amount_band,k_flag,confidence,review,note
8213783,1,1,joint,VA PUB BLDG AUTH 5% 15AUTH BLD,,purchase,2013-12-30,2013-12-30,D,,high,both readings agree,
8213783,1,2,self,MICROSOFT CORP.,,sale_full,2013-12-23,2013-12-23,D,,high,both readings agree,
8213783,1,3,spouse,MICROSOFT CORP.,,sale_full,2013-12-23,2013-12-23,A,,high,both readings agree,
8213783,1,4,joint,MICROSOFT CORP.,,sale_full,2013-12-23,2013-12-23,E,,high,both readings agree,
8213783,1,5,joint,BIRKSHIRE HATHAWAY CLASS A,,sale_full,2013-12-26,2013-12-26,F,,high,both readings agree,
8213807,1,1,self,BERKSHIRE HATHAWAY DEL - CL B NEW,,purchase,2014-01-02,2014-01-07,B,,high,both readings agree,
8213807,1,2,self,BERKSHIRE HATHAWAY DEL - CL B NEW,,purchase,2014-01-06,2014-01-07,A,,high,both readings agree,
8213807,1,3,self,MET GOVT NASHVILLE & DAVIDSONC PUBLIC IMPT-BALPARK PROJ-SER REVENUE BONDS OID (0FA7),,purchase,,,B,,low,both readings agree,asset name spans three lines; no transaction or notification date written; asset name spans 3 lines; no transaction or notification date written
8213807,2,1,self,DREYFUS SHORT-INTERMEDIATE MUNICIPAL BOND FUND,,purchase,2014-01-02,2014-01-07,C,,medium,both readings agree,asset name spans two lines; asset name spans 2 lines
8213807,2,2,self,FRANKLIN RISING DIVIDENS FUND CLASS C,,purchase,2014-01-02,2014-01-07,C,,high,both readings agree,
8213807,2,3,self,SHELBY CO TN HLTH EDUCTNL & HSG FACS BRD REV METHODIST LE BONHEUR HLTHCARE OPT ERP (7H44),,purchase,2013-12-16,2014-01-07,B,,medium,both readings agree,asset name spans three lines; asset name spans 3 lines
8213812,1,1,self,WALGREEN CO.,,purchase,2013-12-23,2013-12-23,A,,high,both readings agree,
8213812,1,2,spouse,CISCO SYS INC.,,purchase,2013-12-23,2013-12-23,A,,high,both readings agree,
8213812,1,3,spouse,ENTERPRISE PRODS PRTNRS L.P.,,sale_full,2013-12-30,2013-12-30,B,,high,both readings agree,
8213835,1,1,self,Mairs and Powers,,sale_full,2013-12-23,2013-12-23,A,,high,both readings agree,
8213835,1,2,self,Coca-Cola,,sale_full,2013-12-23,2013-12-23,B,,high,both readings agree,
8213835,1,3,self,Tidewater,,sale_full,2013-12-23,2013-12-23,A,,high,both readings agree,
8213835,1,4,self,M&T Bank,,purchase,2013-12-23,2013-12-23,A,,high,both readings agree,
8213835,1,5,spouse,Royal Dutch Shell-B,,purchase,2013-12-17,2013-12-17,A,,high,both readings agree,
8213835,2,1,spouse,Deere & Co,,purchase,2013-12-17,2013-12-17,B,,high,both readings agree,
8213835,2,2,spouse,Unilever,,purchase,2013-12-17,2013-12-17,A,,high,both readings agree,
8213835,2,3,spouse,Canadian Natural Resources,,purchase,2013-12-17,2013-12-17,A,,high,both readings agree,
8213883,1,1,self,WALGREEN CO.,,purchase,2014-01-08,2014-01-08,A,,high,both readings agree,
8213883,1,2,spouse,FIRST DATA CORPORATION,,purchase,2014-01-08,2014-01-08,A,,high,both readings agree,
8213908,1,1,self,Sempra Energy,,sale_full,2013-12-20,2013-12-20,A,,high,both readings agree,
8213908,1,2,self,Cree Research Inc,,sale_full,2014-01-17,2014-01-17,A,,high,both readings agree,
8213908,1,3,self,CVS Caremark Corp,,purchase,2014-01-06,2014-01-06,A,,high,both readings agree,
8213908,1,4,self,CME Group Inc,,purchase,2014-01-03,2014-01-03,A,,high,both readings agree,
8213908,1,5,self,Verison Communications,,purchase,2014-01-16,2014-01-16,A,,medium,both readings agree,"name as written (""Verison"")"
8213908,2,1,self,St Jude Medical Inc,,sale_full,2014-01-08,2014-01-08,A,,high,both readings agree,
8213908,2,2,self,Accenture Plc Ireland Cl A,,purchase,2014-01-08,2014-01-08,A,,high,both readings agree,
8213918,1,1,joint,APPLE INC.,,purchase,2014-01-28,2014-01-28,C,,high,both readings agree,
8213919,1,1,joint,APPLE INC.,,purchase,2014-01-30,2014-01-30,B,,high,both readings agree,
8213949,1,1,spouse,APPLE INC.,,purchase,2014-01-28,2014-01-28,B,,high,both readings agree,
8213949,1,2,spouse,WILLIAMS CO INC.,,sale_full,2014-01-28,2014-01-28,A,,high,both readings agree,
8213949,1,3,spouse,SEADRILL LTD,,sale_full,2014-01-28,2014-01-28,B,,high,both readings agree,
8213955,1,1,joint,APPLE INC.,,purchase,2014-02-04,2014-02-04,B,,high,both readings agree,
8214038,1,1,spouse,Walgreens,,purchase,2014-01-02,2014-01-02,A,,high,both readings agree,
8214038,1,2,spouse,i Shares Emerging Market,,purchase,2014-01-02,2014-01-02,A,,high,both readings agree,
8214038,1,3,spouse,Visa,,purchase,2014-01-10,2014-01-10,B,,high,both readings agree,
8214038,1,4,spouse,Liberty Media Corporation,,purchase,2014-01-10,2014-01-10,A,,high,both readings agree,
8214038,1,5,spouse,Citicorp,,purchase,2014-01-10,2014-01-10,A,,high,both readings agree,
8214038,2,1,spouse,Vodafone,,purchase,2014-01-29,2014-01-29,A,,high,both readings agree,
8214038,2,2,spouse,AmerisourceBergen,,purchase,2014-01-29,2014-01-29,A,,high,both readings agree,
8214038,2,3,spouse,Lorillard,,purchase,2014-01-29,2014-01-29,A,,high,both readings agree,
8214100,1,1,joint,APPLE INC.,,sale_full,2014-02-10,2014-02-10,B,,high,both readings agree,
8214100,1,2,joint,APPLE INC.,,sale_full,2014-02-11,2014-02-11,C,,high,both readings agree,
8214101,1,1,self,Hartford Fin Sers Grp Inc,,purchase,2014-01-31,2014-01-31,A,,high,both readings agree,
8214101,1,2,self,Duke Energy Corp New,,sale_full,2014-01-30,2014-01-30,A,,high,both readings agree,
8214101,1,3,self,Xerox Corp,,sale_full,2014-01-28,2014-01-28,A,,high,both readings agree,
8214101,1,4,self,Eaton Corp PLC SHS,,purchase,2014-02-12,2014-02-12,A,,high,both readings agree,
8214101,1,5,self,Exxon Mobil Corp,,sale_full,2014-02-12,2014-02-12,A,,high,both readings agree,
8214101,2,1,self,Coca-Cola Enterprises Inc. New,,sale_full,2014-02-12,2014-02-12,A,,high,both readings agree,
8214101,2,2,self,Thermo Fisher Scientific Inc,,sale_full,2014-01-29,2014-01-29,A,,high,both readings agree,
8214101,2,3,self,3 M Company,,purchase,2014-01-29,2014-01-29,A,,high,both readings agree,
8214101,2,4,self,PPG Industries Inc,,sale_full,2014-01-22,2014-01-22,A,,high,both readings agree,
8214101,2,5,self,Stratasys Ltd Shs,,purchase,2014-02-12,2014-02-12,A,,high,both readings agree,
8214101,2,6,self,Cree Research Inc,,sale_full,2014-02-03,2014-02-03,A,,high,both readings agree,
8214101,3,1,self,Icici Bank Ltd,,sale_full,2014-01-30,2014-01-30,A,,high,both readings agree,
8214101,3,2,self,Morgan Stanley,,sale_full,2014-01-27,2014-01-27,A,,high,both readings agree,
8214101,3,3,self,Ebay Inc,,sale_full,2014-01-23,2014-01-23,A,,high,both readings agree,
8214103,1,1,joint,STATE OF WASH 3.25% DUE 01/01/14,,sale_full,2014-01-01,2014-01-01,C,,high,both readings agree,
8214103,1,2,joint,ARIZONA BOARD 5% EDUC DUE 07/01/15,,purchase,2014-01-27,2014-01-27,B,,high,both readings agree,
8214150,1,1,spouse,"PMFG, Inc.",,sale_full,2014-01-24,2014-01-31,D,,high,both readings agree,
8214150,1,2,spouse,"PMFG, Inc.",,sale_full,2014-01-27,2014-01-31,A,,high,both readings agree,
8214150,1,3,spouse,"PMFG, Inc.",,sale_full,2014-01-29,2014-01-31,D,,high,both readings agree,
8214150,1,4,spouse,"PMFG, Inc.",,sale_full,2014-01-30,2014-01-31,A,,high,both readings agree,
8214150,1,5,spouse,"PMFG, Inc.",,sale_full,2014-01-31,2014-01-31,B,,high,both readings agree,
8214219,1,1,self,JOHNSON & JOHNSON,,purchase,2014-02-07,2014-02-07,A,,high,both readings agree,
8214224,1,1,joint,COMCAST CORP NEW CL A,,purchase,2014-02-25,2013-02-25,B,,medium,both readings agree,"notification date written as 02/25/13 (likely typo for 14); notification date written 02/25/13, likely typo for 02/25/14"
8214224,1,2,joint,VISA INC.,,purchase,2014-02-25,2014-02-25,B,,high,both readings agree,
8214329,1,1,joint,UNIT AAM HIGH 50 DIVIDEND 4Q12,,sale_full,2014-02-26,2014-02-26,A,,high,both readings agree,
8214329,1,2,joint,UNIT AAM HIGH 50 DIVIDEND 4Q13,,purchase,2014-02-26,2014-02-26,A,,high,both readings agree,
8214329,1,3,joint,UNIT AAM INTL HIGH 30 DIV 131,,sale_full,2014-02-27,2014-02-27,A,,high,both readings agree,
8214329,1,4,joint,UNIT AAM INTL HIGH 30 DIV 141,,purchase,2014-02-27,2014-02-27,A,,high,both readings agree,
8214336,1,1,joint,"INTEL CORP., COMMON STOCK",,purchase,2014-03-18,2014-03-18,A,,high,both readings agree,
8214336,1,2,spouse,"RAYTHEON CO., COMMON STOCK",,purchase,2014-03-18,2014-03-18,B,,high,both readings agree,
8214336,1,3,spouse,"ANN INC., COMMON STOCK",,purchase,2014-03-18,2014-03-18,A,,high,both readings agree,
8214336,1,4,self,"WESTERN DIGITAL CORP., COM STOCK",,sale_full,2014-03-18,2014-03-18,C,,high,both readings agree,
8214336,1,5,self,"TRIMBLE NAVIGATION LTD, COM STOCK",,purchase,2014-03-18,2014-03-18,B,,high,both readings agree,
8214336,2,1,self,GENERAL ELECTRIC CORP. COM STOCK,,purchase,2014-03-18,2014-03-18,B,,high,both readings agree,
8214337,1,1,spouse,"PENN WEST PETE LTD NEW, COM STOCK",,sale_full,2013-10-09,2013-10-09,A,,high,both readings agree,
8214337,1,2,spouse,"PEMBINA PIPELINE CORP, COM STOCK",,sale_full,2013-10-09,2013-10-09,A,,high,both readings agree,
8214337,1,3,spouse,"NORDIC AMERICAN TANKER, COM STOCK",,sale_full,2013-10-09,2013-10-09,A,,high,both readings agree,
8214337,1,4,self,"WESTERN DIGITAL CORP, COM STOCK",,sale_full,2013-10-09,2013-10-09,B,,high,both readings agree,
8214337,1,5,self,"ORACLE CORP, COMMON STOCK",,sale_full,2013-10-09,2013-10-09,B,,high,both readings agree,
8214337,2,1,self,"HEWLETT PACKARD CO., COM STOCK",,sale_full,2013-10-09,2013-10-09,A,,high,both readings agree,
8214337,2,2,self,"AU OPTRONICS CORP, SPONSORED ADR",,sale_full,2013-10-09,2013-10-09,A,,high,both readings agree,
8214337,2,3,self,"ACTIONS SEMICONDUCTOR, ADR",,sale_full,2013-10-09,2013-10-09,A,,high,both readings agree,
8214337,2,4,joint,"ORACLE CORP, COMMON STOCK",,sale_full,2013-10-09,2013-10-09,A,,high,both readings agree,
8214338,1,1,child,"PFIZER, INC. COMMON STOCK",,purchase,2014-01-13,2014-01-13,A,,high,both readings agree,
8214338,1,2,child,"COCA COLA CO., COMMON STOCK",,purchase,2014-01-13,2014-01-13,A,,high,both readings agree,
8214338,1,3,child,"AT&T, INC. COMMON STOCK",,purchase,2014-01-13,2014-01-13,A,,high,both readings agree,
8214338,1,4,child,"EXXON MOBIL CORP, COMMON STOCK",,purchase,2014-01-13,2014-01-13,A,,high,both readings agree,
8214338,1,5,child,"WAL MART STORES, INC. COM STOCK",,purchase,2014-01-13,2014-01-13,A,,high,both readings agree,
8214462,1,1,joint,SVC CTR RELOCATI 4.25 *Called*,,sale_full,2014-03-01,2014-03-02,D,,medium,both readings agree,"bond called; bond called; ""*Called*"" in asset name"
8214463,1,1,self,BCE INC (NEW),,sale_full,2014-03-27,2014-03-31,A,,high,both readings agree,
8214463,1,2,self,TIME WARNER INC NEW,,purchase,2014-03-27,2014-03-31,A,,high,both readings agree,
8214463,1,3,spouse,COMCAST CORP CL A SPECIAL NEW,,purchase,2014-03-27,2014-03-31,A,,high,both readings agree,
8214463,1,4,joint,EMC CORP MASS,,purchase,2014-03-27,2014-03-31,A,,high,both readings agree,
8214463,1,5,self,FREEPORT MCMORAN CP&GLD,,purchase,2014-04-01,2014-04-07,A,,high,both readings agree,
8214480,1,1,spouse,Liberty Media Global,,purchase,2014-03-04,2014-03-04,A,,high,both readings agree,
8214480,1,2,spouse,International Paper,,purchase,2014-03-26,2014-03-26,A,,high,both readings agree,
8214535,1,1,self,Ill Tool Works Inc,,purchase,2014-04-03,2014-04-03,A,,high,both readings agree,
8214535,1,2,self,Tyco International LTD New,,sale_full,2014-04-02,2014-04-02,A,,high,both readings agree,
8214535,1,3,self,Oracle Corp,,sale_full,2014-04-02,2014-04-02,A,,high,both readings agree,
8214535,1,4,self,Tyco International LTD New,,sale_full,2014-03-19,2014-03-19,A,,high,both readings agree,
8214535,1,5,self,Verizon Communications,,purchase,2014-03-19,2014-03-19,A,,high,both readings agree,
8214535,2,1,self,Quest Diagnostic Inc,,purchase,2014-04-02,2014-04-02,A,,high,both readings agree,
8214535,2,2,self,Mattel Inc,,sale_full,2014-03-20,2014-03-20,A,,high,both readings agree,
8214535,2,3,self,Ill Tool Works Inc,,purchase,2014-04-09,2014-04-09,A,,high,both readings agree,
8214535,2,4,self,Lorillard Inc,,sale_full,2014-04-09,2014-04-09,A,,high,both readings agree,
8214535,2,5,self,Tyco International LTD New,,sale_full,2014-04-09,2014-04-09,A,,high,both readings agree,
8214535,2,6,self,Imperial Tabacco GP PLC,,purchase,2014-04-09,2014-04-09,A,,high,both readings agree,
8214535,3,1,self,Incyte Corp,,sale_full,2014-04-11,2014-04-11,A,,high,both readings agree,
8214535,3,2,self,Hess Corporation,,purchase,2014-04-10,2014-04-10,A,,high,both readings agree,
8214535,3,3,self,Regeneron Pharm,,sale_full,2014-04-09,2014-04-09,A,,high,both readings agree,
8214535,3,4,self,Ocwen Financial Corp New,,sale_full,2014-04-08,2014-04-08,A,,high,both readings agree,
8214535,3,5,self,Eli Lilly & Co,,sale_full,2014-04-07,2014-04-07,A,,high,both readings agree,
8214535,3,6,self,Celgene Corp,,sale_full,2014-04-07,2014-04-07,A,,high,both readings agree,
8214535,4,1,self,Regeneron Pharm,,sale_full,2014-04-07,2014-04-07,A,,high,both readings agree,
8214535,4,2,self,Incyte Corp,,sale_full,2014-04-07,2014-04-07,A,,high,both readings agree,
8214535,4,3,self,Kinder Morgan,,purchase,2014-03-17,2014-03-17,A,,high,both readings agree,
8214535,4,4,self,Sberbank Russia Sponsored ADR,,sale_full,2014-03-26,2014-03-26,A,,high,both readings agree,
8214535,4,5,self,Oil Co Lukoil Spn Adr,,sale_full,2014-03-26,2014-03-26,A,,high,both readings agree,
8214613,1,1,self,APCO Oil & Gas,,sale_full,2014-03-24,2014-03-31,B,,high,both readings agree,
8214613,1,2,self,Eastern Company,,sale_full,2014-03-24,2014-03-31,A,,high,both readings agree,
8214613,1,3,self,"PMFG, Inc.",,sale_full,2014-03-24,2014-03-31,A,,high,both readings agree,
8214613,1,4,self,Ecology & Env Inc.,,sale_full,2014-03-24,2014-03-31,A,,high,both readings agree,
8214613,1,5,self,Telos,,sale_full,2014-03-24,2014-03-31,A,,high,both readings agree,
8214613,2,1,spouse,"PMFG, Inc.",,sale_full,2014-03-24,2014-03-31,B,,high,both readings agree,
8214613,2,2,spouse,"PMFG, Inc.",,sale_full,2014-03-28,2014-03-31,B,,high,both readings agree,
8214613,2,3,spouse,"PMFG, Inc.",,sale_full,2014-03-31,2014-03-31,A,,high,both readings agree,
8214811,1,1,joint,Regents Univ Ida 5.25% *Partial Call*,,sale_partial,2014-04-01,2014-04-02,A,,medium,both readings agree,"bond partial call; sale box marked; ""*Partial Call*"" written in asset name (bond partial call), not next to sale box"
8215250,1,1,self,Calif State GO Bonds,,sale_full,2014-04-01,2014-04-30,G,,high,both readings agree,
8215250,1,2,spouse,APCO Oil & Gas Int'l,,sale_full,2014-04-02,2014-04-30,B,,high,both readings agree,
8215250,1,3,spouse,APCO Oil & Gas Int'l,,sale_full,2014-04-03,2014-04-30,E,,high,both readings agree,
8215250,1,4,spouse,APCO Oil & Gas Int'l,,sale_full,2014-04-04,2014-04-30,C,,high,both readings agree,
8215250,1,5,spouse,APCO Oil & Gas Int'l,,sale_full,2014-04-07,2014-04-30,C,,high,both readings agree,
8215250,2,1,spouse,APCO Oil & Gas Int'l,,sale_full,2014-04-09,2014-04-30,C,,high,both readings agree,
8215250,2,2,spouse,APCO Oil & Gas Int'l,,sale_full,2014-04-10,2014-04-30,B,,high,both readings agree,
8215250,2,3,spouse,APCO Oil & Gas Int'l,,sale_full,2014-04-11,2014-04-30,B,,high,both readings agree,
8215250,2,4,spouse,APCO Oil & Gas Int'l,,sale_full,2014-04-14,2014-04-30,D,,high,both readings agree,
8215250,2,5,spouse,APCO Oil & Gas Int'l,,sale_full,2014-04-15,2014-04-30,F,,high,both readings agree,
8215250,2,6,spouse,APCO Oil & Gas Int'l,,sale_full,2014-04-16,2014-04-30,D,,high,both readings agree,
8215250,3,1,spouse,APCO Oil & Gas Int'l,,sale_full,2014-04-17,2014-04-30,B,,high,both readings agree,
8215250,3,2,spouse,APCO Oil & Gas Int'l,,sale_full,2014-04-21,2014-04-30,D,,high,both readings agree,
8215250,3,3,spouse,APCO Oil & Gas Int'l,,sale_full,2014-04-22,2014-04-30,D,,high,both readings agree,
8215250,3,4,spouse,APCO Oil & Gas Int'l,,sale_full,2014-04-23,2014-04-30,B,,high,both readings agree,
8215250,3,5,spouse,APCO Oil & Gas Int'l,,sale_full,2014-04-24,2014-04-30,D,,high,both readings agree,
8215250,3,6,spouse,APCO Oil & Gas Int'l,,sale_full,2014-04-30,2014-04-30,C,,high,both readings agree,
8215250,4,1,self,APCO Oil & Gas Int'l,,sale_full,2014-04-30,2014-04-30,A,,medium,both readings agree,owner column blank
8215695,1,1,spouse,WILLIAMS CO INC,,sale_full,2014-05-20,2014-05-20,A,,high,both readings agree,
8215695,1,2,spouse,WPX ENERGY INC,,sale_full,2014-05-20,2014-05-20,A,,high,both readings agree,
8215695,1,3,joint,LANSING MICH SEW DISP SYS REV REF,,purchase,2014-05-23,2014-05-23,A,,high,both readings agree,
8215695,1,4,spouse,BLACKSTONE GROUP LP,,purchase,2014-05-20,2014-05-20,B,,high,both readings agree,
8215710,1,1,spouse,APCO Oil & Gas,,sale_full,2014-05-01,2014-05-31,C,,high,both readings agree,
8215710,1,2,spouse,APCO Oil & Gas,,sale_full,2014-05-02,2014-05-31,D,,high,both readings agree,
8215710,1,3,spouse,APCO Oil & Gas,,sale_full,2014-05-05,2014-05-31,D,,high,both readings agree,
8215710,1,4,spouse,APCO Oil & Gas,,sale_full,2014-05-06,2014-05-31,D,,high,both readings agree,
8215710,1,5,self,APCO Oil & Gas,,sale_full,2014-05-01,2014-05-31,A,,high,both readings agree,
8215710,2,1,self,APCO Oil & Gas,,sale_full,2014-05-02,2014-05-31,B,,high,both readings agree,
8215710,2,2,self,APCO Oil & Gas,,sale_full,2014-05-05,2014-05-31,B,,high,both readings agree,
8215710,2,3,self,APCO Oil & Gas,,sale_full,2014-05-06,2014-05-31,B,,high,both readings agree,
8215710,2,4,self,Eastern Company,,sale_full,2014-05-09,2014-05-31,C,,high,both readings agree,
8215710,2,5,self,Houston TX Bonds,,sale_full,2014-05-15,2014-05-31,E,,high,both readings agree,
8215710,2,6,spouse,Eastern Company,,sale_full,2014-05-12,2014-05-31,A,,high,both readings agree,
8215710,3,1,spouse,Eastern Company,,sale_full,2014-05-14,2014-05-31,A,,high,both readings agree,
8215710,3,2,spouse,Eastern Company,,sale_full,2014-05-15,2014-05-31,D,,high,both readings agree,
8215900,1,1,spouse,WILLIAMS CO INC.,,sale_full,2014-06-24,2014-06-30,A,,high,both readings agree,
8215900,1,2,spouse,WAL MART STORES INC.,,purchase,2014-06-24,2014-06-30,A,,high,both readings agree,
8215900,1,3,spouse,BLACKSTONE GROUP LP,,purchase,2014-06-24,2014-06-30,A,,high,both readings agree,
8215900,1,4,spouse,GENERAL ELECTRIC,,purchase,2014-06-24,2014-06-30,A,,high,both readings agree,
8215900,1,5,spouse,FREEPORT MCMORAN CP&GLD,,purchase,2014-06-24,2014-06-30,B,,high,both readings agree,
8216020,1,1,self,Ecology & Env Inc.,,sale_full,2014-06-10,2014-06-30,A,,high,both readings agree,
8216020,1,2,self,Ecology & Env. Inc.,,sale_full,2014-06-11,2014-06-30,A,,high,both readings agree,
8216020,1,3,spouse,Ecology & Env. Inc.,,sale_full,2014-06-10,2014-06-30,A,,high,both readings agree,
8216020,1,4,spouse,Ecology & Env. Inc.,,sale_full,2014-06-11,2014-06-30,A,,high,both readings agree,
8216020,1,5,spouse,Eastern Co. (fn 1),,sale_full,2014-06-30,2014-06-30,G,,medium,both readings agree,"Footnote 1: spousal property transaction in excess of $1 million; form has no K box; Footnote 1: spousal property transaction in excess of $1 million (old form, no K box)"
8216102,1,1,self,HONEYWELL INTERNATIONAL INC.,,purchase,2014-07-16,2014-07-16,B,,high,both readings agree,
8216102,1,2,spouse,EMERSON ELECTRIC CO.,,purchase,2014-07-16,2014-07-16,A,,high,both readings agree,
8216102,1,3,self,TIME WARNER INC NEW,,sale_full,2014-07-16,2014-07-16,B,,high,both readings agree,
8218040,1,1,self,BRP GROUP INC COM CL A,,sale_full,2021-04-27,2021-04-28,J,,medium,both readings agree,"Box J (Over $50M) checked as marked; implausible; J (Over $50,000,000) box checked as written; implausible, possibly mis-marked"
8218078,1,1,joint,Viatris Inc Common Stock,,sale_full,2021-05-20,2021-05-25,G,,medium,both readings agree,Band as marked; high bands look implausible
8218078,1,2,joint,AT&T Inc Common Stock,,sale_full,2021-05-20,2021-05-25,H,,high,both readings agree,
8218078,1,3,self,Viatris Inc Common Stock,,sale_full,2021-05-20,2021-05-25,G,,medium,both readings agree,Owner blank; note says joint account/Traditional IRA/Roth IRA
8218078,1,4,self,AT&T Inc Common Stock,,sale_full,2021-05-20,2021-05-25,I,,medium,both readings agree,Owner blank
8218078,2,1,self,Discover Financial Services Common Stock,,sale_full,2021-05-20,2021-05-25,I,,medium,both readings agree,Owner blank
8218078,2,2,self,Viatris Inc Common Stock,,sale_full,2021-05-20,2021-05-25,D,,medium,both readings agree,Owner blank
8218078,2,3,self,AT&T Inc Common Stock,,sale_full,2021-05-20,2021-05-25,H,,medium,both readings agree,Owner blank
8218078,2,4,self,Discover Financial Services Common Stock,,sale_full,2021-05-20,2021-05-25,G,,medium,both readings agree,Owner blank; notification written 05/25/2021; Notification date written 05/25/2021; note 1: transactions in Joint Account / Traditional IRA / Roth IRA
8218110,1,1,joint,Viatris Inc Common Stock,,sale_full,2021-05-20,2021-05-25,A,,medium,both readings agree,Amendment of report dated 05/25/2021
8218110,1,2,joint,AT&T Inc Common Stock,,sale_full,2021-05-20,2021-05-25,B,,medium,both readings agree,Amendment; Amendment of report dated 05/25/2021
8218110,1,3,self,Viatris Inc Common Stock,,sale_full,2021-05-20,2021-05-25,A,,medium,both readings agree,"Owner blank; date last digit smudged (05/20/21 likely); note 2: previous Viatris sale listed, amount $233.84; Amendment; note 2: previous Viatris sale as of 5/20/21, amount $233.84"
8218110,1,4,self,AT&T Inc Common Stock,,sale_full,2021-05-20,2021-05-25,B,,medium,both readings agree,Owner blank; Amendment of report dated 05/25/2021
8218110,2,1,self,Discover Financial Services Common Stock,,sale_partial,2021-05-20,2021-05-25,B,,medium,both readings agree,Owner blank; Amendment of report dated 05/25/2021
8218110,2,2,self,Discover Financial Services Common Stock,,sale_partial,2021-05-20,2021-05-25,A,,medium,both readings agree,Owner blank; Amendment of report dated 05/25/2021
8218110,2,3,self,AT&T Inc Common Stock,,sale_full,2021-05-20,2021-05-25,A,,medium,both readings agree,Owner blank; Amendment of report dated 05/25/2021
8218111,1,1,joint,Organon & Co,,sale_full,2021-06-08,2021-06-15,A,,high,both readings agree,
8218111,1,2,self,Organon & Co,,sale_full,2021-06-08,2021-06-15,A,,medium,both readings agree,Owner blank; note: joint account and Traditional IRA; Note 1: transactions in Joint Account and Traditional IRA
8218405,1,1,self,Fidelity Total Market Index Fund,,purchase,2021-09-17,2021-10-05,C,,high,both readings agree,
8218405,1,2,self,Fidelity Total Market Index Fund,,purchase,2021-09-17,2021-10-05,A,,high,both readings agree,
8218405,1,3,self,Fidelity Advisor Total Bond Cl Z,,purchase,2021-09-17,2021-10-05,A,,high,both readings agree,
8218641,1,1,joint,American Electric Power Co,,sale_full,2022-03-10,2022-04-01,B,,high,both readings agree,
8218641,1,2,joint,Discover Financial Services,,purchase,2022-03-10,2022-04-01,B,,high,both readings agree,
8218641,1,3,joint,PNC Financial Services Group,,purchase,2022-03-10,2022-04-01,B,,high,both readings agree,
8218641,1,4,joint,Starbucks Corp,,purchase,2022-03-10,2022-04-01,B,,high,both readings agree,
8218641,2,1,joint,Visa Inc,,purchase,2022-03-10,2022-04-01,B,,high,both readings agree,
8218641,2,2,joint,United Health Group,,purchase,2022-03-11,2022-04-01,B,,medium,both readings agree,Date written 03/1122 (slash missing)
8218641,2,3,joint,Walmart Inc,,purchase,2022-03-11,2022-04-01,B,,high,both readings agree,
8218641,2,4,joint,Medtronic PLC,,purchase,2022-03-15,2022-04-01,B,,high,both readings agree,
8218641,2,5,joint,Verizon Communications Inc,,purchase,2022-03-16,2022-04-01,B,,high,both readings agree,
8218641,2,6,joint,Alphabet Inc,,purchase,2022-03-21,2022-04-01,B,,high,both readings agree,
8218641,2,7,joint,Apple Inc,,purchase,2022-03-21,2022-04-01,B,,high,both readings agree,
8218641,3,1,joint,Berkshire Hathaway Inc,,purchase,2022-03-21,2022-04-01,C,,high,both readings agree,
8218641,3,2,joint,Cisco Systems Inc,,purchase,2022-03-21,2022-04-01,C,,high,both readings agree,
8218641,3,3,joint,Comcast Corp,,purchase,2022-03-21,2022-04-01,C,,high,both readings agree,
8218641,3,4,joint,Invesco QQQ Trust Unit,,purchase,2022-03-21,2022-04-01,C,,high,both readings agree,
8218641,3,5,joint,JPMorgan Chase & Co,,purchase,2022-03-21,2022-04-01,C,,high,both readings agree,
8218641,3,6,joint,Microsoft Corp,,purchase,2022-03-21,2022-04-01,C,,high,both readings agree,
8218641,3,7,joint,Verizon Communications,,purchase,2022-03-21,2022-04-01,B,,medium,both readings agree,Date written 003/21/22
8218641,4,1,joint,Starbucks Corp,,purchase,2022-03-21,2022-04-01,C,,high,both readings agree,
8218641,5,1,self,American Electric Power Co,,sale_full,2022-03-10,2022-04-01,C,,medium,both readings agree,"Separate form: handwritten IRA account March 2022 transactions; Separate handwritten form: ""IRA Account March 2022 transactions"""
8218641,5,2,self,United Health Group Inc,,purchase,2022-03-11,2022-04-01,B,,medium,both readings agree,IRA account; IRA account form
8218641,5,3,self,Verizon Communications Inc,,purchase,2022-03-11,2022-04-01,A,,medium,both readings agree,IRA account; IRA account form
9105035,1,1,spouse,"PMFG, Inc.",,sale_full,2013-12-18,2013-12-31,G,,high,both readings agree,
9105035,1,2,spouse,"PMFG, Inc.",,sale_full,2013-12-19,2013-12-31,D,,high,both readings agree,
9105035,1,3,spouse,"PMFG, Inc.",,sale_full,2013-12-20,2013-12-31,F,,high,both readings agree,
9105064,1,1,spouse,AmerisourceBergen,,purchase,2014-02-04,2014-02-04,A,,high,both readings agree,
9105064,1,2,spouse,International Paper,,purchase,2014-02-04,2014-02-04,A,,high,both readings agree,
9105064,1,3,spouse,M&T Bank,,purchase,2014-02-04,2014-02-04,A,,high,both readings agree,
9105064,1,4,spouse,Liberty Media Corporation,,purchase,2014-02-05,2014-02-05,A,,high,both readings agree,
9105133,1,1,joint,Goose Creek Consl 2% GO Due 02/15/40,,purchase,2014-02-04,2014-02-04,D,,high,both readings agree,
9105135,1,1,self,Boston Scientific Corp,,sale_full,2014-03-05,2014-03-05,A,,high,both readings agree,
9105135,1,2,self,Hartford Fin Sers Grp Inc,,purchase,2014-03-05,2014-03-05,A,,high,both readings agree,
9105135,1,3,self,NiSource Inc,,sale_full,2014-03-04,2014-03-04,A,,high,both readings agree,
9105135,1,4,self,Albemarle Corporation,,purchase,2014-03-04,2014-03-04,A,,high,both readings agree,
9105135,1,5,self,Quest Diagnostics Inc,,purchase,2014-02-25,2014-02-25,A,,high,both readings agree,
9105135,2,1,self,Comcast Corp Cl A Special New,,purchase,2014-02-27,2014-02-27,A,,high,both readings agree,
9105135,2,2,self,Lockheed Martin Corp,,sale_full,2013-02-26,2013-02-26,A,,medium,both readings agree,Both dates written 02/26/13 (likely 2014 typo); Dates written 02/26/13 (both); filed Mar 2014 so year likely a typo for 14
9105135,2,3,self,Thermo Fisher Scientific Inc,,sale_full,2014-02-19,2014-02-19,A,,high,both readings agree,
9105135,2,4,self,Travelers Companies Inc Com,,purchase,2014-02-19,2014-02-19,A,,high,both readings agree,
9105135,2,5,self,Eaton Corp PLC Shs,,purchase,2014-03-07,2014-03-07,A,,high,both readings agree,
9105135,2,6,self,Hertz Global Holdings Inc,,sale_full,2014-02-28,2014-02-28,A,,high,both readings agree,
9105138,1,1,joint,VISA INC,,sale_full,2014-03-11,2014-03-11,B,,high,both readings agree,
9105144,1,1,self,"Los Angeles, CA Sanitation Equip. Bonds",,sale_full,2014-02-01,2014-02-28,E,,high,both readings agree,
9105144,1,2,spouse,PMFG,,sale_full,2014-02-04,2014-02-28,E,,high,both readings agree,
9105615,1,1,self,iShares Euro ETF,,purchase,2014-01-22,2014-01-22,A,,high,both readings agree,
9105615,1,2,self,Philip Morris,,sale_full,2014-04-18,2014-04-18,A,,high,both readings agree,
9105615,1,3,self,Aetna Inc.,,purchase,2014-08-18,2014-08-18,A,,high,both readings agree,
9105615,1,4,self,FireEye Inc.,,purchase,2014-08-21,2014-08-21,A,,high,both readings agree,
9105615,1,5,self,Ocwen Financial Corp.,,purchase,2014-08-06,2014-08-06,A,,high,both readings agree,
9105615,2,1,self,Paragon Offshore Ltd.,,purchase,2014-08-08,2014-08-08,A,,high,both readings agree,
9105615,2,2,self,Paragon Offshore Ltd.,,purchase,2014-08-13,2014-08-13,A,,high,both readings agree,
9105615,2,3,self,Qihoo 360 Technology Co. Ltd.,,purchase,2014-08-26,2014-08-26,A,,high,both readings agree,
9105615,2,4,self,"Seventy Seven Energy, Inc.",,purchase,2014-07-31,2014-07-31,A,,medium,both readings agree,tx date month digit overwritten (read as 7); tx date month digit overwritten (7)
9105615,2,5,self,Abbott Laboratories,,sale_full,2014-08-18,2014-08-18,A,,high,both readings agree,
9105615,2,6,self,Apple Inc.,,sale_full,2014-08-26,2014-08-26,A,,high,both readings agree,
9105615,3,1,self,CBS Outdoor Americas Inc,,sale_full,2014-08-18,2014-08-18,A,,high,both readings agree,
9105615,3,2,self,National Oilwell Varco Inc.,,sale_full,2014-08-13,2014-08-13,A,,high,both readings agree,
9105615,3,3,self,Noble Corp.,,sale_full,2014-08-08,2014-08-08,A,,high,both readings agree,
9105615,3,4,self,NorthStar Asset Mgmt Group,,sale_full,2014-08-06,2014-08-06,A,,high,both readings agree,
9105615,3,5,self,NorthStar Asset Mgmt Group,,sale_full,2014-08-18,2014-08-18,A,,high,both readings agree,
9105615,3,6,self,NOW Inc.,,sale_full,2014-08-06,2014-08-06,A,,high,both readings agree,
9105615,3,7,self,Palo Alto Networks Inc.,,sale_full,2014-08-14,2014-08-14,A,,high,both readings agree,
9105615,4,1,self,Palo Alto Networks Inc.,,sale_full,2014-08-15,2014-08-15,A,,high,both readings agree,
9105615,4,2,joint,iShares Russell 2000 Index,,purchase,2014-09-16,2014-09-16,B,,high,both readings agree,
9105615,4,3,joint,SPDR S+P Mid Cap 400 ETF,,sale_full,2014-09-16,2014-09-16,A,,high,both readings agree,
9105615,4,4,self,American Realty Capital,,purchase,2014-10-29,2014-10-29,A,,high,both readings agree,
9105615,4,5,self,Boeing Company,,purchase,2014-10-23,2014-10-23,A,,high,both readings agree,
9105615,4,6,self,Chart Industries,,purchase,2014-10-03,2014-10-03,A,,high,both readings agree,
9105615,4,7,self,Chesapeake Energy Corp.,,purchase,2014-10-20,2014-10-20,A,,high,both readings agree,
9105615,5,1,self,Chicago Bridge + Iron Co.,,purchase,2014-10-02,2014-10-02,A,,high,both readings agree,
9105615,5,2,self,Chicago Bridge + Iron Co.,,purchase,2014-10-15,2014-10-15,A,,high,both readings agree,
9105615,5,3,self,Qihoo 360 Technology Co.,,purchase,2014-10-23,2014-10-23,A,,high,both readings agree,
9105615,5,4,self,Visa Inc. Cl A,,purchase,2014-10-23,2014-10-23,A,,high,both readings agree,
9105615,5,5,self,Citigroup,,sale_full,2014-10-20,2014-10-20,A,,high,both readings agree,
9105615,5,6,self,D R Horton Inc.,,sale_full,2014-10-23,2014-10-23,A,,high,both readings agree,
9105615,5,7,self,KBR,,sale_full,2014-10-29,2014-10-29,A,,high,both readings agree,
9105615,6,1,self,Lennar Corp.,,sale_full,2014-10-23,2014-10-23,B,,high,both readings agree,
9105691,1,1,self,Discovery Communications,,purchase,2014-11-10,2014-11-10,A,,high,both readings agree,
9105691,1,2,self,Estee Lauder,,purchase,2014-11-07,2014-11-07,A,,high,both readings agree,
9105691,1,3,self,Google Class C,,purchase,2014-11-10,2014-11-10,B,,high,both readings agree,
9105691,1,4,self,Procter & Gamble,,purchase,2014-11-07,2014-11-07,A,,high,both readings agree,
9105691,1,5,self,Starbucks Corp.,,purchase,2014-11-14,2014-11-14,A,,high,both readings agree,
9105691,2,1,self,Chart Industries,,sale_full,2014-11-05,2014-11-05,B,,high,both readings agree,
9105691,2,2,self,KBR,,sale_full,2014-11-06,2014-11-06,A,,high,both readings agree,
9105691,2,3,self,Mellanox Technologies Ltd.,,sale_full,2014-11-10,2014-11-10,A,,high,both readings agree,
9105691,2,4,self,Mellanox Technologies Ltd.,,sale_full,2014-11-11,2014-11-11,A,,high,both readings agree,
9105691,2,5,self,Ocwen Financial Corp.,,sale_full,2014-11-06,2014-11-06,A,,high,both readings agree,
9105691,2,6,self,Tupperware Corp.,,sale_full,2014-11-07,2014-11-07,A,,high,both readings agree,
9105691,3,1,self,Walter Investment Management Corp.,,sale_full,2014-11-06,2014-11-06,A,,high,both readings agree,
9105691,3,2,joint,iShares MSCI EAFE Index,,purchase,2014-11-12,2014-11-12,A,,high,both readings agree,
9105691,3,3,joint,iShares MSCI EAFE Small Cap Index,,purchase,2014-11-12,2014-11-12,A,,high,both readings agree,
9105691,3,4,joint,ETFS Physical Precious Metal Basket,,sale_full,2014-11-12,2014-11-12,A,,high,both readings agree,
9105691,3,5,joint,SPDR Euro STOXX 50 ETF,,sale_full,2014-11-12,2014-11-12,B,,high,both readings agree,
9105776,1,1,self,BERKSHIRE HATHAWAY - CL B NEW Common Stock,,purchase,2014-12-04,2014-12-09,B,,medium,both readings agree,"""Common Stock"" written on next line"
9105804,1,1,self,TIM HORTONS INC,,sale_full,2014-12-17,2014-12-17,C,,medium,both readings agree,initial/amendment box not marked
9105979,1,1,self,Citigroup,,purchase,2015-01-14,2015-01-14,A,,high,both readings agree,
9105979,1,2,self,Gilead Sciences Inc,,purchase,2015-01-30,2015-01-30,A,,high,both readings agree,
9105979,1,3,self,"Intercontinental Exchange, Inc.",,purchase,2015-01-23,2015-01-23,A,,high,both readings agree,
9105979,1,4,self,Cameron International,,sale_full,2015-01-30,2015-01-30,A,,high,both readings agree,
9105979,1,5,self,Chicago Bridge & Iron Co.,,sale_full,2015-01-30,2015-01-30,A,,high,both readings agree,
9105979,2,1,self,Occidental Petroleum,,sale_full,2015-01-23,2015-01-23,A,,high,both readings agree,
9105979,2,2,self,PulteGroup Inc,,sale_full,2015-01-14,2015-01-14,A,,high,both readings agree,
9106005,1,1,self,Dividend Plus+ Income Fd-Instl Class,,purchase,2014-12-17,2014-12-17,B,,medium,both readings agree,initial/amendment box not marked
9106005,1,2,self,ETFS Physical Precious Metal Basket,,sale_full,2014-12-17,2014-12-17,A,,high,both readings agree,
9106005,1,3,self,iPath DJ-AIG Commodity Index Fund,,sale_full,2014-12-17,2014-12-17,A,,high,both readings agree,
9106005,1,4,self,PowerShs DB Agriculture Fd LP,,sale_full,2014-12-17,2014-12-17,B,,high,both readings agree,
9106005,2,1,self,Baker Hughes Inc.,,purchase,2014-12-10,2014-12-10,A,,high,both readings agree,
9106005,2,2,self,Biogen Idec Inc,,purchase,2014-12-16,2014-12-16,A,,high,both readings agree,
9106005,2,3,self,American Realty Capital Partners,,sale_full,2014-12-10,2014-12-10,A,,high,both readings agree,
9106005,2,4,self,Express Scripts Holding Co.,,sale_full,2014-12-16,2014-12-16,A,,high,both readings agree,
9106005,2,5,self,Paragon Offshore Ltd.,,sale_full,2014-12-10,2014-12-10,A,,high,both readings agree,
9106005,2,6,self,"Seventy Seven Energy, Inc.",,sale_full,2014-12-10,2014-12-10,A,,high,both readings agree,
9106005,3,1,joint,Guggenheim S&P Healthcare Equal Wt,,purchase,2014-12-03,2014-12-13,A,,medium,both readings agree,notification date printed 12/13/14 (tx 12/03/14); notification date printed 12/13/14 (later than others on page)
9106005,3,2,joint,iShares MSCI EAFE Index,,purchase,2013-12-03,2014-12-03,A,,medium,both readings agree,tx date printed 12/03/13 (likely typo for 12/03/14)
9106005,3,3,joint,iShares Goldman Sachs Nat Res,,sale_full,2014-12-03,2014-12-03,A,,high,both readings agree,
9106005,3,4,joint,iShares US Home Construction,,sale_full,2014-12-03,2014-12-03,A,,high,both readings agree,
9106005,3,5,joint,Market Vectors Oil Services,,sale_full,2014-12-03,2014-12-03,A,,high,both readings agree,
9106005,3,6,self,Aston/TAMRO Small Cap I,,purchase,2014-12-30,2014-12-30,A,,medium,both readings agree,handwritten row/dates; dates handwritten
9106005,4,1,self,Touchstone Sands Capital Inst Gr,,purchase,2014-12-11,2014-12-11,A,,high,both readings agree,
9106005,4,2,self,ASTON/Fairpointe Mid Cap I Fund,,purchase,2014-12-30,2014-12-30,A,,medium,both readings agree,handwritten dates; dates handwritten
9106005,4,3,self,ASTON/Fairpointe Mid Cap I Fund,,purchase,2014-12-30,2014-12-30,B,,medium,both readings agree,handwritten dates; dates handwritten
9106005,4,4,self,Aston/TAMRO Small Cap I,,purchase,2014-12-30,2014-12-30,A,,medium,both readings agree,handwritten dates; dates handwritten
9106005,4,5,self,Dividend Plus+ Income FD-Instl Class,,purchase,2014-12-12,2014-12-12,A,,high,both readings agree,
9106005,4,6,self,Harbor International,,purchase,2014-12-18,2014-12-18,A,,high,both readings agree,
9106005,5,1,self,Oppenheimer Developing Markets Y,,purchase,2014-12-05,2014-12-05,A,,high,both readings agree,
9106005,5,2,self,Templeton Global Bond Adv,,purchase,2014-12-17,2014-12-17,A,,high,both readings agree,
9106005,5,3,self,Touchstone Sands Capital Inst Gr,,purchase,2014-12-11,2014-12-11,A,,high,both readings agree,
9106005,5,4,self,Vanguard/Windsor II Admiral Shares,,purchase,2014-12-17,2014-12-17,A,,high,both readings agree,
9106005,5,5,self,Vanguard/Windsor II Admiral Shares,,purchase,2014-12-17,2014-12-17,A,,high,both readings agree,
9106097,1,1,spouse,AMERICAN EXPRESS CO,,purchase,2015-02-20,2015-02-23,A,,high,both readings agree,
9106097,1,2,self,APPLE INC.,,purchase,2015-02-20,2015-02-23,B,,high,both readings agree,
9106097,1,3,joint,AMERICAN EXPRESS CO,,purchase,2015-02-20,2015-02-23,B,,high,both readings agree,
9106097,1,4,self,AIRCASTLE LIMITED,,sale_full,2015-02-20,2015-02-23,B,,high,both readings agree,
9106097,1,5,joint,AIRCASTLE LIMITED,,sale_full,2015-02-20,2015-02-23,B,,high,both readings agree,
9106123,1,1,self,Ametek Inc,,purchase,2015-02-20,2015-02-20,A,,medium,both readings agree,initial/amendment box not marked
9106123,1,2,self,First Solar Inc,,purchase,2015-02-12,2015-02-12,A,,high,both readings agree,
9106123,1,3,self,Michael Kors Holdings Ltd,,purchase,2015-02-20,2015-02-20,A,,high,both readings agree,
9106123,1,4,self,Quanta Services Inc.,,purchase,2015-02-12,2015-02-12,A,,high,both readings agree,
9106123,1,5,self,Silver Wheaton Corp,,purchase,2015-02-12,2015-02-12,A,,high,both readings agree,
9106123,2,1,self,TransCanada Corp,,purchase,2015-02-23,2015-02-23,A,,high,both readings agree,
9106123,2,2,self,Baker Hughes Inc.,,sale_full,2015-02-23,2015-02-23,A,,high,both readings agree,
9106123,2,3,self,D R Horton Inc,,sale_full,2015-02-05,2015-02-05,A,,high,both readings agree,
9106123,2,4,self,FireEye Inc.,,sale_full,2015-02-11,2015-02-11,A,,high,both readings agree,
9106123,2,5,self,FireEye Inc.,,sale_full,2015-02-12,2015-02-12,A,,high,both readings agree,
9106174,1,1,self,ATLAS PIPELINE PARTNERS LP EXCHANGED FOR TARGA RESOURCES PARTNERS LP,,exchange,2015-03-03,2015-03-09,,,low,both readings agree,"no amount box marked; footnote: exchanged for Targa Resources Partners LP (under $1,000); no amount box marked; footnote: exchange under $1,000; owner column holds footnote asterisk"
9106175,1,1,joint,UNIT AAM HIGH 50 DIVIDEND 13-4Q,,sale_full,2015-02-27,2015-03-04,A,,high,both readings agree,
9106175,1,2,joint,UNIT AAM HIGH 50 DIV 14-4Q,,purchase,2015-02-27,2015-03-04,A,,high,both readings agree,
9106278,1,1,self,Chesapeake Energy Corp,,purchase,2015-03-10,2015-03-10,A,,medium,both readings agree,initial/amendment box not marked
9106278,1,2,self,EMC Corporation,,purchase,2015-03-06,2015-03-06,A,,high,both readings agree,
9106278,1,3,self,General Electric Company,,purchase,2015-03-06,2015-03-06,A,,high,both readings agree,
9106278,1,4,self,Johnson & Johnson,,purchase,2015-03-05,2015-03-05,B,,high,both readings agree,
9106278,1,5,self,Priceline Group Inc,,purchase,2015-03-25,2015-03-25,A,,high,both readings agree,
9106278,2,1,self,Qihoo 360 Technology Co Ltd,,purchase,2015-03-06,2015-03-06,A,,high,both readings agree,
9106278,2,2,self,Qihoo 360 Technology Co Ltd,,purchase,2015-03-06,2015-03-06,A,,high,both readings agree,
9106278,2,3,self,Whiting Petroleum,,purchase,2015-03-27,2015-03-27,A,,high,both readings agree,
9106278,2,4,self,Aetna Inc.,,sale_full,2015-03-05,2015-03-05,A,,high,both readings agree,
9106278,2,5,self,Starbucks Corp,,sale_full,2015-03-24,2015-03-24,A,,high,both readings agree,
9106278,2,6,self,Starbucks Corp,,sale_full,2015-03-24,2015-03-24,A,,high,both readings agree,
9106278,3,1,self,UnitedHealth Group Inc,,sale_full,2015-03-06,2015-03-06,A,,high,both readings agree,
9106278,3,2,self,Xilinx Inc,,sale_full,2015-03-27,2015-03-27,A,,high,both readings agree,
9106288,1,1,self,KRAFT FOODS GROUP INC COM,,sale_full,2015-03-30,2015-03-31,A,,high,both readings agree,
9106288,1,2,joint,UNIT AAM INTL HIGH 30 DIV 2014-1Q,,sale_full,2015-03-30,2015-03-31,A,,high,both readings agree,
9106554,1,1,self,Met Govt Nashville + Davidson Cnty TN Hlth + Edl Hsg-Willow Pointe Apts Proj Rev Bds Mand ERP(AVG),,purchase,2015-01-08,,B,,medium,both readings agree,"name handwritten over 4 lines; notification date blank; tx date written 1/8/2015; handwritten, name spans 4 lines; last token read as (AV6), could be (AVG); no notification date"
9106554,2,1,self,Chattanooga-Hamilton Cnty TN Hosp Auth H Rev Ref-Erlanger Hlth-Remk (JS7),,purchase,2014-12-17,,A,,medium,both readings agree,"name over 3 lines; notification date blank; handwritten, name spans 3 lines; no notification date; stray mark in C box on a continuation line ignored"
9106554,2,2,self,Chattanooga-Hamilton Cnty TN Hosp Auth H Rev Ref-Erlanger-Hlth-Remk (JE8),,purchase,2014-12-17,,A,,medium,both readings agree,"name over 3 lines; notification date blank; handwritten, name spans 3 lines; no notification date"
9106554,3,1,self,Tenn Hsg Dev Agy Rsdl Fing Prg Rev Non-Amt-Issue 1B Revenue Bonds,,purchase,2014-12-24,,B,,medium,both readings agree,"name over 3 lines; ""1B"" could be ""IB""; notification date blank; handwritten, name spans 3 lines; no notification date"
9106568,1,1,self,TENN ST HSG DEV AGY NON-AMT NON-ACEHOMEOWNERSHIP PROG-SER 2 COPT/MAND ERP,,purchase,2015-04-28,2015-05-14,B,,medium,both readings agree,name typed over 3 lines; B marked with check mark; name spans 3 lines; amount marked with check mark
9107434,1,1,self,2 SPXPM JUL 17 2025 PUT,,sale_full,2015-07-09,2015-07-09,A,,high,both readings agree,
9107434,1,2,self,2 SPXPM JUL 15 2020 PUT,,purchase,2015-07-09,2015-07-09,A,,high,both readings agree,
9107434,1,3,self,1 SPXPM JUL 17 2110 CALL,,sale_full,2015-07-16,2015-07-16,A,,high,both readings agree,
9107434,1,4,self,1 SPXPM JUL 17 2105 CALL,,purchase,2015-07-16,2015-07-15,A,,medium,both readings agree,notification date (07/15/15) precedes tx date as printed; notification date printed 07/15/15 (before tx date)
9107434,2,1,self,1 SPXPM JUL 17 2115 CALL,,purchase,2015-07-17,2015-07-17,A,,high,both readings agree,
9107434,2,2,self,1 JUL 31 SPX 2090 CALL,,purchase,2015-07-31,2015-07-31,A,,high,both readings agree,
9107462,1,1,self,Comcast,,purchase,2014-02-25,2014-02-25,B,,medium,both readings agree,Amendment; date of report amended 08/12/15; B box marked with check; Amendment of report dated 08/12/15; B marked with check
9107585,1,1,self,"Ann, Inc. - cash + stock merger",,exchange,,,A,,low,both readings agree,"Written ""was Ann, Inc.""; bracketed with next row; no dates on form; attached Edward Jones letter gives effective date 08/25/2015 (200 sh Ann -> 136 sh Ascena + $7568 cash-in-lieu); ""was Ann, Inc. - cash + stock merger""; dates blank; attached Edward Jones letter to Debbie Meadows: effective 08/25/201"
9107585,1,2,self,Ascena Retail Group,,exchange,,,A,,low,both readings agree,"Written ""now is Ascena Retail Group""; bracketed with prior row; no dates on form; letter effective date 08/25/2015; letter addressed to Debbie Meadows but owner column blank; ""now is Ascena Retail Group""; bracketed with row 1 as one merger; dates blank (letter effective 08/25/2015)"
9107680,1,1,self,2 SPX AUG 28 1975 CALL,SPX,sale_full,2015-08-24,2015-08-24,A,,high,both readings agree,
9107680,1,2,self,4 SPX SEP 30 1850 PUT,SPX,purchase,2015-08-25,2015-08-25,A,,high,both readings agree,
9107680,1,3,self,4 SPX AUG 28 1950 PUT,SPX,purchase,2015-08-25,2015-08-25,A,,high,both readings agree,
9107680,1,4,self,4 SPX SEP 30 1850 PUT,SPX,sale_full,2015-08-25,2015-08-25,A,,high,both readings agree,
9107680,2,1,self,3 SPX AUG 28 1975 PUT,SPX,sale_full,2015-08-26,2015-08-26,A,,high,both readings agree,
9107680,2,2,self,3 SPX AUG 28 1950 PUT,SPX,purchase,2015-08-26,2015-08-26,A,,high,both readings agree,
9107680,2,3,self,1 SPX AUG 28 1975 CALL,SPX,sale_full,2015-08-27,2015-08-27,A,,high,both readings agree,
9107680,2,4,self,2 SVXY SEP 04 72 PUT,SVXY,purchase,2015-08-28,2015-08-28,A,,high,both readings agree,
9107680,2,5,self,2 SVXY SEP 11 71 PUT,SVXY,sale_full,2015-08-28,2015-08-28,A,,high,both readings agree,
9107855,1,1,self,ATLAS PIPELINE PARTNERS LP EXCHANGED FOR TARGA RESOURCES PARTNERS LP,,exchange,2015-03-03,2015-03-09,A,,medium,both readings agree,Name written across three lines; amendment of report dated 03/17/15; Amendment of report dated 03/17/15; name spans 3 lines
9108078,1,1,self,1 SPX DEC 31 2175 CALL,SPX,purchase,2015-11-03,2015-11-03,A,,high,both readings agree,
9108078,1,2,self,1 SPX DEC 31 1935 PUT,SPX,sale_full,2015-11-03,2015-11-03,A,,high,both readings agree,
9108078,1,3,self,4 SPX DEC 31 2000 PUT,SPX,purchase,2015-11-16,2015-11-16,A,,high,both readings agree,
9108078,1,4,self,4 SPX DEC 31 1975 PUT,SPX,sale_full,2015-11-16,2015-11-16,A,,medium,both readings agree,"Written ""DEC 311975"" (no space); written ""DEC 311975"" (no space)"
9108199,1,1,self,1 SPX JAN 29 2000 PUT,SPX,purchase,2015-12-07,2015-12-07,A,,high,both readings agree,
9108199,1,2,self,1 SPX JAN 29 1975 PUT,SPX,sale_full,2015-12-07,2015-12-07,A,,high,both readings agree,
9108199,1,3,self,1 SPX JAN 29 1900 PUT,SPX,sale_full,2015-12-07,2015-12-07,A,,high,both readings agree,
9108199,1,4,self,1 SPX DEC 31 2000 PUT,SPX,sale_full,2015-12-17,2015-12-17,A,,high,both readings agree,
9108199,2,1,self,1 SPX JAN 8 1925 PUT,SPX,sale_full,2015-12-18,2015-12-18,A,,high,both readings agree,
9108199,2,2,self,1 SPX JAN 8 1950 PUT,SPX,purchase,2015-12-18,2015-12-18,A,,high,both readings agree,
9108199,2,3,self,3 SPX DEC 31 1975 PUT,SPX,sale_full,2015-12-21,2015-12-21,A,,high,both readings agree,
9108199,2,4,self,3 SPX DEC 31 2000 PUT,SPX,purchase,2015-12-21,2015-12-21,A,,medium,both readings agree,"Tx date leading 1 clipped by cell border, reads ""2/21/15""; notified 12/21/15; tx date reads ""2/21/15"", leading 1 hidden by box border; notified 12/21/15"
9108199,2,5,self,1 SPX JAN 22 1950 PUT,SPX,purchase,2015-12-22,2015-12-22,A,,medium,both readings agree,Notification date last digit partly clipped
9108261,1,1,self,WisdomTree Emerging Mkts SmCp Div,,sale_full,2015-12-17,2016-01-11,A,,high,both readings agree,
9108261,1,2,spouse,SPDR S&P Mid Cap 400 ETF,,purchase,2015-12-10,2016-01-11,A,,high,both readings agree,
9108261,1,3,spouse,UBS E-TRACS Alerian MLP Infrastructure,,purchase,2015-12-10,2016-01-11,A,,high,both readings agree,
9108261,1,4,spouse,Vanguard FTSE Emerging Markets ETF,,purchase,2015-12-10,2016-01-11,A,K,medium,both readings agree,both A and K boxes marked
9108261,2,1,spouse,iShares MSCI EAFE Index,,sale_full,2015-12-10,2016-01-11,A,,high,both readings agree,
9108261,2,2,spouse,iShares MSCI Emerg Mkts Indx Fd,,sale_full,2015-12-10,2016-01-11,B,,high,both readings agree,
9108261,2,3,spouse,JPMorgan Alerian MLP Index,,sale_full,2015-12-10,2016-01-11,A,,high,both readings agree,
9108261,2,4,spouse,WisdomTree Emerging Mkts SmCp Div,,sale_full,2015-12-10,2016-01-11,B,,high,both readings agree,
9108261,2,5,self,Touchstone Sands Capital Inst Gr,,purchase,2015-12-11,2016-01-11,B,,high,both readings agree,
9108261,2,6,self,Aston/TAMRO Small Cap I,,purchase,2015-12-30,2016-01-11,A,,high,both readings agree,
9108261,3,1,self,Touchstone Sands Capital Inst Gr,,purchase,2015-12-11,2016-01-11,A,,high,both readings agree,
9108261,3,2,self,MAI Managed Volatility Fund - Inst.,,purchase,2015-12-15,2016-01-11,A,,high,both readings agree,
9108261,3,3,self,Vanguard/Windsor II Admiral Shares,,purchase,2015-12-16,2016-01-11,A,,high,both readings agree,
9108261,3,4,self,Vanguard/Windsor II Admiral Shares,,purchase,2015-12-16,2016-01-11,A,,high,both readings agree,
9108261,3,5,self,Harbor International,,purchase,2015-12-17,2016-01-11,A,,high,both readings agree,
9108261,3,6,self,Harbor International,,purchase,2015-12-17,2016-01-11,A,,high,both readings agree,
9108261,3,7,self,ASTON/Fairpointe Mid Cap I Fund,,purchase,2015-12-30,2016-01-11,A,,high,both readings agree,
9108261,4,1,self,Aston/TAMRO Small Cap I,,purchase,2015-12-30,2016-01-11,B,,high,both readings agree,
9108261,4,2,self,Fidelity Floating Rate High Income,,purchase,2015-12-31,2016-01-11,A,,high,both readings agree,
9108295,1,1,self,Exelon Corp.,,purchase,2015-05-21,2016-01-11,B,,medium,both readings agree,B marked with check
9108295,1,2,self,Michael Kors Holdings Ltd,,purchase,2015-05-27,2016-01-11,A,,high,both readings agree,
9108295,1,3,self,Comcast Corp. Cl A,,purchase,2015-06-08,2016-01-11,A,,high,both readings agree,
9108295,2,1,self,Berkshire Hathaway Class B,,purchase,2015-06-15,2016-01-11,A,,high,both readings agree,
9108295,2,2,self,Mead Johnson Nutrition,,purchase,2015-06-15,2016-01-11,A,,high,both readings agree,
9108295,2,3,self,Intel Corp,,purchase,2015-07-08,2016-01-11,A,,high,both readings agree,
9108295,2,4,self,Merck & Co,,purchase,2015-07-27,2016-01-11,A,,high,both readings agree,
9108295,2,5,self,American Tower,,purchase,2015-08-13,2016-01-11,A,,high,both readings agree,
9108295,2,6,self,Apple Inc,,purchase,2015-08-13,2016-01-11,B,,high,both readings agree,
9108295,2,7,self,Costco Wholesale Corp,,purchase,2015-08-13,2016-01-11,A,,high,both readings agree,
9108295,3,1,self,iShares NASDAQ Biotech Index,,purchase,2015-08-13,2016-01-11,B,,high,both readings agree,
9108295,3,2,self,Occidental Petroleum,,purchase,2015-08-13,2016-01-11,A,,high,both readings agree,
9108295,3,3,self,Adobe Systems,,purchase,2015-10-07,2016-01-11,A,,high,both readings agree,
9108295,3,4,self,JPMorgan Chase & Co.,,purchase,2015-10-07,2016-01-11,A,,high,both readings agree,
9108295,3,5,self,NorthStar Realty Europe,,purchase,2015-11-02,2016-01-11,A,,high,both readings agree,
9108295,3,6,self,Time Warner Cable,,sale_full,2015-04-28,2016-01-11,A,,high,both readings agree,
9108295,3,7,self,JPMorgan Chase & Co.,,sale_full,2015-05-27,2016-01-11,A,,high,both readings agree,
9108295,4,1,self,Qihoo 360 Technology Co Ltd,,sale_full,2015-06-08,2016-01-11,B,,high,both readings agree,
9108295,4,2,self,American Realty Capital Partners,,sale_full,2015-06-15,2016-01-11,A,,high,both readings agree,
9108295,4,3,self,Quanta Services Inc.,,sale_full,2015-06-15,2016-01-11,B,,high,both readings agree,
9108295,4,4,self,Avnet,,sale_full,2015-07-08,2016-01-11,A,,high,both readings agree,
9108295,4,5,self,Silver Wheaton Corp,,sale_full,2015-07-27,2016-01-11,B,,high,both readings agree,
9108295,4,6,self,Biogen Inc,,sale_full,2015-08-13,2016-01-11,A,,high,both readings agree,
9108295,4,7,self,Chesapeake Energy Corp.,,sale_full,2015-08-13,2016-01-11,B,,high,both readings agree,
9108295,5,1,self,First Solar Inc,,sale_full,2015-08-13,2016-01-11,B,,high,both readings agree,
9108295,5,2,self,Gilead Sciences Inc,,sale_full,2015-08-13,2016-01-11,A,,high,both readings agree,
9108295,5,3,self,Intel Corp,,sale_full,2015-08-13,2016-01-11,A,,high,both readings agree,
9108295,5,4,self,Michael Kors Holdings Ltd,,sale_full,2015-08-13,2016-01-11,B,,high,both readings agree,
9108295,5,5,self,Estee Lauder,,sale_full,2015-10-07,2016-01-11,A,,high,both readings agree,
9108295,5,6,self,Exelon Corp.,,sale_full,2015-10-07,2016-01-11,B,,high,both readings agree,
9108295,5,7,self,Mead Johnson Nutrition,,sale_full,2015-10-07,2016-01-11,A,,high,both readings agree,
9108295,6,1,self,Vanguard/Windsor II Admiral Shares,,purchase,2015-06-19,2016-01-11,A,,high,both readings agree,
9108320,1,1,spouse,Discover Financial S,,sale_full,2016-01-13,2016-01-14,B,,medium,both readings agree,Handwritten; name truncated as written
9108320,1,2,spouse,Costco Wholesale Co,,sale_full,2016-01-15,2016-01-20,B,,medium,both readings agree,"Handwritten; written ""Costro Wholsale Co""; handwritten ""Costco Wholesale Co"""
9108320,1,3,spouse,Parexel Int'l Corp,,purchase,2016-01-20,2016-01-21,B,,high,both readings agree,
9108320,1,4,spouse,SPDR S&P Biotech ETF,,sale_full,2016-01-29,2016-01-30,B,,medium,both readings agree,handwritten; owner mark looks like SP
9108320,2,1,spouse,Verizon Communication,,sale_full,2016-02-01,2016-02-02,D,,high,both readings agree,
9108320,2,2,spouse,Nordstrom Inc,,sale_full,2016-02-02,2016-02-03,B,,high,both readings agree,
9108320,2,3,spouse,Eli Lilly & Company,,purchase,2016-02-03,2016-02-04,B,,low,"third look: day digit 02 or 03, taken as 03",Handwritten; tx day digit unclear (03 or 02); handwritten; tx day digit unclear (02 or 03)
9108320,2,4,spouse,SunTrust Banks Inc,,purchase,2016-02-05,2016-02-08,A,,medium,both readings agree,Handwritten; name hard to read (looks like Suntrust); notified day 08 vs 06 unclear
9108320,2,5,self,Industrial Income Trust,,sale_full,2016-01-15,2016-02-11,D,,medium,both readings agree,Handwritten; owner column blank; handwritten; no owner code
9108369,1,1,self,1 SPX JAN 22 1950 PUT,SPX,sale_full,2016-01-06,2016-01-06,A,,high,both readings agree,
9108369,1,2,self,1 SPX FEB 5 1925 PUT,SPX,sale_full,2016-01-06,2016-01-06,A,,high,both readings agree,
9108369,1,3,self,1 SPX FEB 5 1950 PUT,SPX,purchase,2016-01-06,2016-01-06,A,,high,both readings agree,
9108369,1,4,self,1 SPX JAN 22 1950 PUT,SPX,sale_full,2016-01-22,2016-01-22,A,,high,both readings agree,
9108369,2,1,self,1 SPX JAN 22 1925 PUT,SPX,purchase,2016-01-20,2016-01-20,A,,high,both readings agree,
9108369,2,2,self,1 SPX JAN 29 2000 PUT,SPX,sale_full,2016-01-25,2016-01-25,A,,high,both readings agree,
9108369,2,3,self,1 SPX JAN 29 1975 PUT,SPX,purchase,2016-01-25,2016-01-25,A,,high,both readings agree,
9108369,2,4,self,1 SPX JAN 29 1925 CALL,SPX,purchase,2016-01-29,2016-01-29,A,,high,both readings agree,
9108378,1,1,self,4 UVXY DEC 18 130 CALL,UVXY,sale_full,2015-09-01,2015-09-01,A,,high,both readings agree,
9108378,1,2,self,4 UVXY SEP 18 95 CALL,UVXY,purchase,2015-09-02,2015-09-02,A,,high,both readings agree,
9108378,1,3,self,2 SVXY SEP 11 71 PUT,SVXY,purchase,2015-09-04,2015-09-04,A,,high,both readings agree,
9108378,1,4,self,4 UVXY DEC 18 90 CALL,UVXY,purchase,2015-09-04,2015-09-04,A,,high,both readings agree,
9108378,2,1,self,4 UVXY SEP 18 42 PUT,UVXY,sale_full,2015-09-17,2015-09-17,A,,high,both readings agree,
9108378,2,2,self,4 UVXY DEC 18 110 CALL,UVXY,sale_full,2015-09-04,2015-09-04,A,,high,both readings agree,
9108378,2,3,self,4 UVXY DEC 18 48 PUT,UVXY,sale_full,2015-09-09,2015-09-09,A,,high,both readings agree,
9108378,2,4,self,1 UVXY DEC 18 130 CALL,UVXY,purchase,2015-09-08,2015-09-08,A,,high,both readings agree,
9108378,2,5,self,1 UVXY DEC 18 130 CALL,UVXY,purchase,2015-09-09,2015-09-09,A,,high,both readings agree,
9108378,2,6,self,100 SH FXE,FXE,purchase,2015-09-11,2015-09-11,A,,high,both readings agree,
9108378,2,7,self,100 SH FXE,FXE,sale_full,2015-09-14,2015-09-14,A,,high,both readings agree,
9108378,3,1,self,1 UVXY DEC 18 48 PUT,UVXY,purchase,2015-09-18,2015-09-18,A,,high,both readings agree,
9108378,4,1,self,3 SPX NOV 6 2075 CALL,SPX,purchase,2015-10-23,2015-10-23,A,,high,both readings agree,
9108378,4,2,self,2 SPX OCT 30 2065 PUT,SPX,sale_full,2015-10-23,2015-10-23,A,,high,both readings agree,
9108378,4,3,self,2 SPX OCT 30 2075 CALL,SPX,purchase,2015-10-23,2015-10-23,A,,high,both readings agree,
9108378,4,4,self,2 SPX NOV 13 2090 CALL,SPX,purchase,2015-10-30,2015-10-30,A,,high,both readings agree,
9108378,5,1,self,1 SPX OCT 30 2075 CALL,SPX,purchase,2015-10-30,2015-10-30,A,,high,both readings agree,
9108378,5,2,self,2 SPX DEC 31 1925 PUT,SPX,sale_full,2015-10-30,2015-10-31,A,,high,both readings agree,
9108378,5,3,self,1 SPX DEC 31 1925 PUT,SPX,sale_full,2015-10-30,2015-10-30,A,,high,both readings agree,
9108420,1,1,self,SPDR S&P 500 ETF,,purchase,2016-01-13,2016-03-03,A,,high,both readings agree,
9108426,1,1,spouse,United Parcel SRVC B,,sale_full,,,B,,low,both readings agree,Handwritten; no dates written; handwritten; no dates entered
9108426,1,2,spouse,Keysight Tech Inc,,,,,A,,low,both readings agree,Handwritten; no transaction type box marked; no dates written; handwritten; no transaction type box marked; no dates entered
9108453,1,1,self,100 SH SPX,SPX,sale_full,2016-02-01,2016-02-01,A,,high,both readings agree,
9108453,1,2,self,100 SH SPX,SPX,purchase,2016-02-01,2016-02-01,A,,high,both readings agree,
9108453,1,3,self,500 SH TLT,TLT,sale_full,2016-02-01,2016-02-01,A,,high,both readings agree,
9108453,1,4,self,2 MAR 31 SPX 1975 CALL,SPX,purchase,2016-02-01,2016-02-01,A,,high,both readings agree,
9108453,2,1,self,2 SPX MAR 31 1985 CALL,SPX,sale_full,2016-02-01,2016-02-01,A,,high,both readings agree,
9108453,2,2,self,2 SPX FEB 29 1850 PUT,SPX,purchase,2016-02-01,2016-02-01,A,,high,both readings agree,
9108453,2,3,self,2 SPX FEB 29 1825 PUT,SPX,sale_full,2016-02-01,2016-02-01,A,,high,both readings agree,
9108453,2,4,self,2 SPX FEB 29 1940 CALL,SPX,purchase,2016-02-03,2016-02-03,A,,high,both readings agree,
9108453,2,5,self,2 SPX FEB 29 1950 CALL,SPX,sale_full,2016-02-03,2016-02-03,A,,high,both readings agree,
9108453,2,6,self,2 SPX MAR 4 1800 PUT,SPX,purchase,2016-02-05,2016-02-05,A,,high,both readings agree,
9108453,2,7,self,2 SPX MAR 4 1775 PUT,SPX,sale_full,2016-02-05,2016-02-05,A,,medium,both readings agree,"""SPX"" handwritten insertion above line; ""SPX"" handwritten above ""MAR"""
9108453,3,1,self,3 SPX MAR 4 1925 CALL,SPX,sale_full,2016-02-10,2016-02-10,A,,high,both readings agree,
9108453,3,2,self,3 SPX MAR 4 1915 CALL,SPX,purchase,2016-02-10,2016-02-10,A,,high,both readings agree,
9108453,3,3,self,3 SPX MAR 11 1900 CALL,SPX,purchase,2016-02-12,2016-02-12,A,,high,both readings agree,
9108453,3,4,self,3 SPX MAR 11 1910 CALL,SPX,sale_full,2016-02-12,2016-02-12,A,,high,both readings agree,
9108453,3,5,self,3 MAR SPX MAR 18 1935 CALL,SPX,sale_full,2016-02-16,2016-02-16,A,,medium,both readings agree,"As written; ""SPX"" handwritten insertion; ""SPX"" handwritten above"
9108453,3,6,self,3 SPX MAR 18 1925 CALL,SPX,purchase,2016-02-16,2016-02-16,A,,medium,both readings agree,"""SPX"" handwritten insertion above line; ""SPX"" handwritten above MAR"
9108453,3,7,self,3 SPX MAR 4 1915 CALL,SPX,sale_full,2016-02-16,2016-02-16,A,,medium,both readings agree,"""SPX"" handwritten insertion above line; ""SPX"" handwritten above MAR"
9108453,4,1,self,3 SPX MAR 4 1925 CALL,SPX,,2016-02-16,2016-02-16,A,,low,both readings agree,Both purchase (check) and sale (X) boxes marked; both Purchase (check) and Sale (X) boxes marked
9108453,4,2,self,3 SPX MAR 31 1975 CALL,SPX,sale_full,2016-02-16,2016-02-16,A,,high,both readings agree,
9108453,4,3,self,3 SPX MAR 31 1985 CALL,SPX,purchase,2016-02-16,2016-02-16,A,,high,both readings agree,
9108453,4,4,self,3 SPX MAR 11 1825 PUT,SPX,sale_full,2016-02-18,2016-02-18,A,,high,both readings agree,
9108453,4,5,self,3 SPX MAR 11 1850 PUT,SPX,purchase,2016-02-18,2016-02-18,A,,high,both readings agree,
9108453,4,6,self,3 SPX MAR 18 1825 PUT,SPX,sale_full,2016-02-19,2016-02-19,A,,high,both readings agree,
9108453,4,7,self,3 SPX MAR 18 1850 PUT,SPX,purchase,2016-02-19,2016-02-19,A,,high,both readings agree,
9108453,5,1,self,3 SPX MAR 24 1850 PUT,SPX,purchase,2016-02-23,2016-02-23,A,,high,both readings agree,
9108453,5,2,self,3 SPX MAR 24 1825 PUT,SPX,sale_full,2016-02-23,2016-02-23,A,,high,both readings agree,
9108453,5,3,self,3 SPX MAR 11 1900 CALL,SPX,sale_full,2016-02-24,2016-02-24,A,,high,both readings agree,
9108453,5,4,self,3 SPX APR 1 1850 PUT,SPX,purchase,2016-02-24,2016-02-24,A,,medium,both readings agree,"""SPX"" handwritten insertion above line; ""SPX"" handwritten above"
9108453,5,5,self,3 SPX MAR 11 1910 CALL,SPX,purchase,2016-02-24,2016-02-24,A,,medium,both readings agree,"""SPX"" handwritten insertion above line; ""SPX"" handwritten above"
9108453,5,6,self,3 SPX MAR 18 1935 CALL,SPX,purchase,2016-02-24,2016-02-24,A,,medium,both readings agree,"""SPX"" handwritten insertion above line; ""SPX"" handwritten above"
9108453,5,7,self,3 SPX MAR 18 1925 CALL,SPX,sale_full,2016-02-25,2016-02-25,A,,medium,both readings agree,"""SPX"" handwritten insertion above line; ""SPX"" handwritten above"
9108453,6,1,self,3 SPX MAR 18 1945 CALL,SPX,sale_full,2016-02-24,2016-02-24,A,,high,both readings agree,
9108453,6,2,self,3 SPX MARCH 1935 CALL,SPX,purchase,2016-02-24,2016-02-24,A,,medium,both readings agree,"""SPX"" handwritten insertion; no expiry day written; ""SPX"" handwritten above; no expiry day written"
9108453,6,3,self,3 SPX MAR 11 1850 PUT,SPX,sale_full,2016-02-24,2016-02-24,A,,medium,both readings agree,"""SPX"" handwritten insertion above line; ""SPX"" handwritten above"
9108453,6,4,self,3 SPX APR 1 1825 PUT,SPX,sale_full,2016-02-24,2016-02-24,A,,medium,both readings agree,"""SPX"" handwritten insertion above line; ""SPX"" handwritten above"
9108453,6,5,self,3 SPX MAR 11 1825 PUT,SPX,purchase,2016-02-25,2016-02-25,A,,medium,both readings agree,"""SPX"" handwritten insertion above line; ""SPX"" handwritten above"
9108453,6,6,self,3 SPX MAY 6 1850 PUT,SPX,purchase,2016-02-26,2016-02-26,A,,medium,both readings agree,"""SPX"" handwritten insertion above line; ""SPX"" handwritten above"
9108453,6,7,self,3 SPX MAY 6 1800 PUT,SPX,sale_full,2016-02-26,2016-02-26,A,,medium,both readings agree,"""SPX"" handwritten insertion above line; ""SPX"" handwritten above"
9108453,7,1,self,3 SPX MAY 6 1675 PUT,SPX,sale_full,2016-02-26,2016-02-26,A,,high,both readings agree,
9108525,1,1,self,AMTRUST FINL SVCS,,purchase,,,C,,low,"third look: day digits unreadable (2 or 8), dates left empty","Handwritten; name runs into box, last letters unclear (""SVCSTAR""?); tx/notified day digits unclear; handwritten, reads ""AMTRUST FINL SVCS STA..."" (truncated, possibly preferred series); dates read 03/0?/16, day digit unclear (8 or 2); no owner code"
9108525,1,2,spouse,Fresh Market Inc,,sale_full,2016-03-14,2016-03-14,B,,high,both readings agree,
9108525,1,3,spouse,Johnson & Johnson,,sale_full,2016-03-21,2016-03-21,B,,high,both readings agree,
9108525,1,4,spouse,Fannie Mae 2.5%,,purchase,2016-04-01,2016-04-01,C,,high,both readings agree,
9108556,1,1,self,1 SPX MAR 13 1900 PUT,,purchase,2016-03-04,2016-03-04,A,,medium,both readings agree,PDF page 1 is form page 2 of 4; form page 1 not included; Form pages 2-4 of 4; cover page not in PDF
9108556,1,2,self,1 SPX MAY 13 1850 PUT,,sale_full,2016-03-07,2016-03-07,A,,high,both readings agree,
9108556,1,3,self,3 SPX MAY 13 1900 PUT,,purchase,2016-03-07,2016-03-07,A,,high,both readings agree,
9108556,1,4,self,3 SPX MAY 13 1750 PUT,,sale_full,2016-03-07,2016-03-07,A,,high,both readings agree,
9108556,1,5,self,3 SPX MAR 18 1945 CALL,,purchase,2016-03-11,2016-03-11,A,,high,both readings agree,
9108556,1,6,self,3 SPX MAR 18 1935 CALL,,sale_full,2016-03-11,2016-03-11,A,,high,both readings agree,
9108556,1,7,self,3 SPX MAY 20 1850 PUT,,sale_full,2016-03-15,2016-03-15,A,,high,both readings agree,
9108556,2,1,self,3 SPX MAY 20 1750 PUT,,sale_full,2016-03-15,2016-03-15,A,,high,both readings agree,
9108556,2,2,self,3 SPX MAY 20 1900 PUT,,purchase,2016-03-15,2016-03-15,A,,high,both readings agree,
9108556,2,3,self,2 SPX MAR 23 2000 CALL,,sale_full,2016-03-16,2016-03-16,A,,high,both readings agree,
9108556,2,4,self,2 SPX MAR 18 1995 CALL,,purchase,2016-03-16,2016-03-16,A,,high,both readings agree,
9108556,2,5,self,2 SPX MAY 23 2000 CALL,,purchase,2016-03-18,2016-03-18,A,,high,both readings agree,
9108556,2,6,self,2 SPX JUN 30 2075 CALL,,sale_full,2016-03-18,2016-03-18,A,,high,both readings agree,
9108556,2,7,self,2 SPX JUN 3 1875 PUT,,sale_full,2016-03-23,2016-03-23,A,,high,both readings agree,
9108556,3,1,self,3 SPX JUN 3 1925 PUT,,purchase,2016-03-23,2016-03-23,A,,high,both readings agree,
9108556,3,2,self,6 SPX MAY 13 1900 PUT,,sale_full,2016-03-28,2016-03-28,A,,high,both readings agree,
9108556,3,3,self,3 SPX JUN 17 1950 PUT,,purchase,2016-03-30,2016-03-30,A,,high,both readings agree,
9108556,3,4,self,3 SPX JUN 17 1900 PUT,,sale_full,2016-03-30,2016-03-30,A,,high,both readings agree,
9108654,1,1,spouse,United Parcel SRVC B,,sale_full,2016-02-11,2016-02-11,B,,medium,both readings agree,Amendment dated 4-27-16; handwritten; Handwritten; amendment box circled with date 4-27-16 written next to it
9108654,1,2,spouse,Keysight Tech Inc,,,2016-02-18,2016-02-18,A,,low,both readings agree,No transaction type box marked; day of dates handwritten (18 likely); No transaction type box marked; handwritten dates
9108788,1,1,self,Bank of America Corp,,sale_full,2016-04-28,2016-04-28,B,,high,both readings agree,
9109554,1,1,self,North Star Realty Europe,,sale_full,2016-05-23,2016-06-22,A,,medium,both readings agree,Handwritten; notification day read as 22
9109554,1,2,self,North Star Realty Fin Corp,,sale_full,2016-05-23,2016-06-22,A,,medium,both readings agree,Handwritten; notification day read as 22
9109554,1,3,self,Stoneridge Reinsurance,SSRIX,purchase,2016-05-23,2016-06-22,B,,medium,both readings agree,"Written as ""Stoneridge Reinsurance SSRIX""; handwritten; Handwritten; name and ticker letters uncertain (ticker as written)"
9110213,1,1,self,Oracle Corp,,sale_full,2016-10-25,2016-10-25,B,,high,both readings agree,
9110213,1,2,self,Yahoo Inc,,sale_full,2016-10-21,2016-10-21,B,,high,both readings agree,
9110522,1,1,joint,Microsoft Call Options (see note below),,purchase,2017-02-07,,B,,medium,both readings agree,Refers to a note but no note present in PDF; notification date blank; Referenced note not included in PDF
9111258,1,1,joint,Microsoft Call Options (see note #1),,purchase,2017-05-16,,B,,medium,both readings agree,Amendment dated 6/9/17; note: bought 150 calls to close open position; Amendment; date of report being amended 6/9/17; note: bought 150 calls to close out open position
9111258,1,2,joint,Microsoft Call Options (see note #1),,sale_full,2017-05-16,,B,,medium,both readings agree,Amendment dated 6/9/17; note: sold 130 calls (writing new calls); Amendment; note: sold 130 calls writing new call options for income
9111844,1,1,joint,Microsoft Call Options (see note #1 below),,,2017-09-14,,B,,low,both readings agree,Both Purchase and Sale boxes marked; note #1 not included in PDF; Both Purchase and Sale boxes marked; referenced note not included in PDF
9111984,1,1,joint,Microsoft Call Options (see note #1 below),,,2017-10-12,,B,,low,both readings agree,"Both Purchase and Sale boxes marked; note: 2 transactions, bought back 100 calls to close, sold new calls (count cut off); Both Purchase and Sale marked; filer note: 2 transactions on 10/12/2017, bought back 100 calls to close, sold 100 new calls"
9112308,1,1,joint,Microsoft Call Options (see note #1),,purchase,2017-12-29,,B,,medium,both readings agree,Note 1: bought 100 calls to close open position; Note #1: bought 100 call contracts to close existing open position
9112308,1,2,joint,Microsoft Call Options (see note #2),,sale_full,2018-01-03,,B,,medium,both readings agree,Note 2: sold covered calls to generate income; Note #2: sold covered calls on Microsoft to generate income
9112308,1,3,joint,Microsoft Call Options (see note #3),,purchase,2018-01-16,,D,,medium,both readings agree,Note 3: bought 150 calls to close open position; Note #3: bought 150 call contracts to close existing open position
9112308,1,4,joint,Microsoft Call Options (see note #4),,sale_full,2018-01-16,,D,,medium,both readings agree,Note 4 (handwritten): sold covered calls to generate income; Note #4 (handwritten): sold covered calls on Microsoft to generate income
9112457,1,1,joint,Microsoft,,sale_full,2018-02-05,,F,,high,both readings agree,
9112457,1,2,joint,SPDR S&P ETF,,purchase,2018-02-06,,B,,high,both readings agree,
9112457,1,3,joint,IShares MSCI Emerging Markets ETF,,purchase,2018-02-07,,C,,high,both readings agree,
9112457,1,4,joint,Ishares MSCI EAFE ETF,,purchase,2018-02-07,,C,,high,both readings agree,
9112457,2,1,joint,SPDR S&P ETF,,purchase,2018-02-07,,C,,high,both readings agree,
9112457,2,2,joint,Microsoft,,purchase,2018-02-06,,B,,high,both readings agree,
9112650,1,1,joint,Microsoft,,purchase,2018-03-26,,B,,high,both readings agree,
9112650,1,2,joint,Microsoft,,purchase,2018-03-27,,C,,high,both readings agree,
9112650,1,3,joint,Microsoft Options (see note #1),,purchase,2018-03-27,,D,,medium,both readings agree,Note 1: bought back call options to close open position; Note #1: bought back Microsoft call options to close out open position
9112651,1,1,joint,Amazon,,purchase,2018-03-19,,B,,high,both readings agree,
9112651,1,2,joint,Facebook,,purchase,2018-03-19,,B,,high,both readings agree,
9112651,1,3,joint,Ishares US Financial ETF (IYF),IYF,purchase,2018-03-19,,B,,high,both readings agree,
9112651,1,4,joint,Netflix,,purchase,2018-03-19,,B,,high,both readings agree,
9113462,1,1,joint,Microsoft,,purchase,2018-06-25,,A,,high,both readings agree,
9113463,1,1,joint,Microsoft Options (see note #1),,sale_full,2018-05-31,,B,,medium,both readings agree,Note 1: sold call options to open new position; Note #1: sold Microsoft call options to open a new open position
